{
  "res": 16,
  "default": [0, 48],
  "values": [
    {
      "tiles": [0, 1, 2, 3, 4, 5, 6, 7],
      "value": [32, 16]
    },
    {
      "tiles": [],
      "value": [0, 48]
    },
    {
      "tiles": [1],
      "value": [0, 32]
    },
    {
      "tiles": [3],
      "value": [48, 48]
    },
    {
      "tiles": [4],
      "value": [16, 48]
    },
    {
      "tiles": [6],
      "value": [0, 0]
    },
    {
      "tiles": [3, 4],
      "value": [32, 48]
    },
    {
      "tiles": [1, 6],
      "value": [0, 16]
    },
    {
      "tiles": [1, 3, 4, 6],
      "value": [32, 16]
    },
    {
      "tiles": [3, 4, 6],
      "value": [32, 0]
    },
    {
      "tiles": [1, 4, 6],
      "value": [16, 16]
    },
    {
      "tiles": [1, 3, 4],
      "value": [32, 32]
    },
    {
      "tiles": [1, 3, 6],
      "value": [48, 16]
    },
    {
      "tiles": [3, 5, 6],
      "value": [48, 0]
    },
    {
      "tiles": [4, 6, 7],
      "value": [16, 0]
    },
    {
      "tiles": [1, 2, 4],
      "value": [16, 32]
    },
    {
      "tiles": [0, 1, 3],
      "value": [48, 32]
    },
    {
      "tiles": [1, 3],
      "value": [48, 32]
    },
    {
      "tiles": [3, 6],
      "value": [48, 0]
    },
    {
      "tiles": [6, 4],
      "value": [16, 0]
    },
    {
      "tiles": [4, 1],
      "value": [16, 32]
    }
  ]
}
